{"chunk_definitions":[{"row":14,"row_count":1,"visible":true,"expansion_state":0,"options":{"engine":"r","label":"unnamed-chunk-1"},"document_id":"F60B238B","chunk_id":"cj22nimdh0i6n","chunk_label":"unnamed-chunk-1"},{"row":24,"row_count":1,"visible":true,"expansion_state":0,"options":{"engine":"r","label":"unnamed-chunk-2"},"document_id":"F60B238B","chunk_id":"c9g7gberu3b0w","chunk_label":"unnamed-chunk-2"},{"row":33,"row_count":1,"visible":true,"expansion_state":0,"options":{"engine":"r","label":"unnamed-chunk-3"},"document_id":"F60B238B","chunk_id":"ccy6eqpektr1e","chunk_label":"unnamed-chunk-3"},{"row":47,"row_count":1,"visible":true,"expansion_state":0,"options":{"engine":"r","label":"unnamed-chunk-4"},"document_id":"F60B238B","chunk_id":"ce4asinfityci","chunk_label":"unnamed-chunk-5"},{"row":52,"row_count":1,"visible":true,"expansion_state":0,"options":{"engine":"r","label":"unnamed-chunk-5"},"document_id":"F60B238B","chunk_id":"ciab1igd1v1hh","chunk_label":"unnamed-chunk-6"},{"row":61,"row_count":1,"visible":true,"expansion_state":0,"options":{"engine":"r","label":"unnamed-chunk-6"},"document_id":"F60B238B","chunk_id":"cz4v9nwkhybll","chunk_label":"unnamed-chunk-8"},{"row":69,"row_count":1,"visible":true,"expansion_state":0,"options":{"engine":"r","label":"unnamed-chunk-7"},"document_id":"F60B238B","chunk_id":"c12lakapjgiko","chunk_label":"unnamed-chunk-9"},{"row":72,"row_count":1,"visible":true,"expansion_state":0,"options":{"engine":"r","label":"unnamed-chunk-17"},"document_id":"F60B238B","chunk_id":"cvqd469rklug7","chunk_label":"unnamed-chunk-10"},{"row":77,"row_count":1,"visible":true,"expansion_state":0,"options":{"engine":"r","label":"unnamed-chunk-18"},"document_id":"F60B238B","chunk_id":"c67l3dgbpekv3","chunk_label":"unnamed-chunk-11"},{"row":86,"row_count":1,"visible":true,"expansion_state":0,"options":{"engine":"r","label":"unnamed-chunk-19"},"document_id":"F60B238B","chunk_id":"c0rd3tbc1m3au","chunk_label":"unnamed-chunk-12"},{"row":115,"row_count":1,"visible":true,"expansion_state":0,"options":{"engine":"r","label":"unnamed-chunk-20"},"document_id":"F60B238B","chunk_id":"c0yqex04vhr2f","chunk_label":"unnamed-chunk-16"},{"row":121,"row_count":1,"visible":true,"expansion_state":0,"options":{"engine":"r","label":"unnamed-chunk-21"},"document_id":"F60B238B","chunk_id":"cp0wrh26dkqlv","chunk_label":"unnamed-chunk-17"},{"row":148,"row_count":1,"visible":true,"expansion_state":0,"options":{"engine":"r","label":"unnamed-chunk-22"},"document_id":"F60B238B","chunk_id":"cgnt9dtbosz6u","chunk_label":"unnamed-chunk-18"},{"row":172,"row_count":1,"visible":true,"expansion_state":0,"options":{"engine":"r","label":"unnamed-chunk-23"},"document_id":"F60B238B","chunk_id":"c8qx3cwwxttq1","chunk_label":"unnamed-chunk-19"},{"row":180,"row_count":1,"visible":true,"expansion_state":0,"options":{"engine":"r","label":"unnamed-chunk-27"},"document_id":"F60B238B","chunk_id":"c9apb3eml6zvp","chunk_label":"unnamed-chunk-20"},{"row":187,"row_count":1,"visible":true,"expansion_state":0,"options":{"engine":"r","label":"unnamed-chunk-28"},"document_id":"F60B238B","chunk_id":"clywn7xp0svqi","chunk_label":"unnamed-chunk-21"},{"row":194,"row_count":1,"visible":true,"expansion_state":0,"options":{"engine":"r","label":"unnamed-chunk-36"},"document_id":"F60B238B","chunk_id":"caanyt15xkxyy","chunk_label":"unnamed-chunk-22"},{"row":200,"row_count":1,"visible":true,"expansion_state":0,"options":{"engine":"r","label":"unnamed-chunk-38"},"document_id":"F60B238B","chunk_id":"cnqtsgyxd2gdv","chunk_label":"unnamed-chunk-23"},{"row":207,"row_count":1,"visible":true,"expansion_state":0,"options":{"engine":"r","label":"unnamed-chunk-40"},"document_id":"F60B238B","chunk_id":"czqhyy9mdda47","chunk_label":"unnamed-chunk-24"},{"row":213,"row_count":1,"visible":true,"expansion_state":0,"options":{"engine":"r","label":"unnamed-chunk-41"},"document_id":"F60B238B","chunk_id":"c2d60k8godp74","chunk_label":"unnamed-chunk-25"},{"row":230,"row_count":1,"visible":true,"expansion_state":0,"options":{"engine":"r","label":"unnamed-chunk-51"},"document_id":"F60B238B","chunk_id":"cuh06qb5fecjb","chunk_label":"unnamed-chunk-26"}],"doc_write_time":1654818352}