"0","r_svg1 <- Recommender(getData(cv_scheme, ""train""), ""SVD"")"
"0","r_pop1 <- Recommender(getData(cv_scheme, ""train""), ""POPULAR"")"
"0","r_ubcf1 <- Recommender(getData(cv_scheme, ""train""), ""UBCF"")"
"0","r_ibcf1 <- Recommender(getData(cv_scheme, ""train""), ""IBCF"")"
"0",""
"0","##test the models (predictive accuracy)"
"0","p_svg1 <- predict(r_svg1, getData(cv_scheme, ""known""), type=""ratings"")"
"0","p_pop1 <- predict(r_pop1,getData(cv_scheme, ""known""),  type=""ratings"")"
"0","p_ubcf1 <- predict(r_ubcf1,getData(cv_scheme, ""known""),  type=""ratings"")"
"0","p_ibcf1 <- predict(r_ibcf1,getData(cv_scheme, ""known""),  type=""ratings"")"
"0",""
"0","##generate prediction errors"
"0","err_svg1 <- calcPredictionAccuracy(p_svg1, getData(cv_scheme, ""unknown""))"
"0","err_pop1 <- calcPredictionAccuracy(p_pop1,getData(cv_scheme, ""unknown""))"
"0","err_ubcf1 <- calcPredictionAccuracy(p_ubcf1,getData(cv_scheme, ""unknown""))"
"0","err_ibcf1 <- calcPredictionAccuracy(p_ibcf1,getData(cv_scheme, ""unknown""))"
"0",""
"0","#create error dataframe"
"0","df_err1 <- rbind(err_svg1, err_pop1, err_ubcf1, err_ibcf1)"
"0","df_err1"
"1","         "
"1","     RMSE"
"1","      MSE"
"1","       MAE"
"1","
err_svg1 "
"1"," 1.052793"
"1"," 1.108374"
"1"," 0.7947075"
"1","
err_pop1 "
"1"," 1.059127"
"1"," 1.121749"
"1"," 0.8010671"
"1","
err_ubcf1"
"1"," 1.315042"
"1"," 1.729336"
"1"," 0.9854255"
"1","
err_ibcf1"
"1"," 1.383577"
"1"," 1.914286"
"1"," 1.0571429"
"1","
"
