"0","r_svg <- Recommender(getData(split_scheme, ""train""), ""SVD"")"
"0","r_pop <- Recommender(getData(split_scheme, ""train""), ""POPULAR"")"
"0","r_ubcf <- Recommender(getData(split_scheme, ""train""), ""UBCF"")"
"0","r_ibcf <- Recommender(getData(split_scheme, ""train""), ""IBCF"")"
"0",""
"0","##test the models (predictive accuracy)"
"0","p_svg <- predict(r_svg, getData(split_scheme, ""known""), type=""ratings"")"
"0","p_pop <- predict(r_pop,getData(split_scheme, ""known""),  type=""ratings"")"
"0","p_ubcf <- predict(r_ubcf,getData(split_scheme, ""known""),  type=""ratings"")"
"0","p_ibcf <- predict(r_ibcf,getData(split_scheme, ""known""),  type=""ratings"")"
"0",""
"0","##generate prediction errors"
"0","err_svg <- calcPredictionAccuracy(p_svg, getData(split_scheme, ""unknown""))"
"0","err_pop <- calcPredictionAccuracy(p_pop,getData(split_scheme, ""unknown""))"
"0","err_ubcf <- calcPredictionAccuracy(p_ubcf,getData(split_scheme, ""unknown""))"
"0","err_ibcf <- calcPredictionAccuracy(p_ibcf,getData(split_scheme, ""unknown""))"
"0",""
"0","#create error dataframe"
"0","df_err <- rbind(err_svg, err_pop, err_ubcf, err_ibcf)"
"0","df_err"
"1","        "
"1","     RMSE"
"1","      MSE"
"1","       MAE"
"1","
err_svg "
"1"," 1.059310"
"1"," 1.122137"
"1"," 0.8210556"
"1","
err_pop "
"1"," 1.043406"
"1"," 1.088695"
"1"," 0.8155772"
"1","
err_ubcf"
"1"," 1.177236"
"1"," 1.385884"
"1"," 0.9169737"
"1","
err_ibcf"
"1"," 1.378405"
"1"," 1.900000"
"1"," 1.0100000"
"1","
"
